timestamp,pjm_day_ahead,ercot_real_time,nyiso_zone_a,natural_gas_mmbtu,carbon_credit_mt,grid_carbon_intensity_tco2mwh
2026-02-26 00:00:00,33.95,26.8,38.41,2.931,29.55,0.2806
2026-02-26 01:00:00,30.75,24.64,31.72,2.966,30.9,0.2656
2026-02-26 02:00:00,31.39,28.96,35.99,2.759,30.88,0.2914
2026-02-26 03:00:00,33.07,29.41,35.67,2.775,32.03,0.239
2026-02-26 04:00:00,29.7,25.81,32.15,2.739,30.97,0.2653
2026-02-26 05:00:00,33.07,29.13,38.27,2.821,31.43,0.3047
2026-02-26 06:00:00,43.72,39.1,51.57,2.877,31.28,0.3632
2026-02-26 07:00:00,47.24,40.6,52.95,2.919,29.92,0.4068
2026-02-26 08:00:00,48.48,41.26,54.94,2.834,31.66,0.4563
2026-02-26 09:00:00,52.59,46.63,62.48,2.814,31.33,0.4775
2026-02-26 10:00:00,49.34,41.66,55.77,2.852,31.5,0.4707
2026-02-26 11:00:00,48.5,43.42,59.79,2.773,33.56,0.4287
2026-02-26 12:00:00,49.37,40.38,56.48,3.007,29.95,0.4351
2026-02-26 13:00:00,43.36,40.01,44.87,2.711,32.23,0.4571
2026-02-26 14:00:00,45.5,40.89,52.54,2.855,31.03,0.4663
2026-02-26 15:00:00,49.13,43.7,55.83,3.002,31.37,0.4285
2026-02-26 16:00:00,48.9,44.8,57.47,2.841,31.17,0.4706
2026-02-26 17:00:00,52.93,49.58,60.69,2.825,30.95,0.4316
2026-02-26 18:00:00,48.32,44.35,53.83,2.811,30.86,0.4569
2026-02-26 19:00:00,43.76,35.19,46.44,2.826,31.4,0.4636
2026-02-26 20:00:00,46.47,38.59,51.61,2.95,30.29,0.3686
2026-02-26 21:00:00,38.21,32.5,41.01,2.663,31.65,0.3329
2026-02-26 22:00:00,35.56,31.34,38.61,2.963,30.95,0.3345
2026-02-26 23:00:00,30.31,27.6,35.18,2.726,30.52,0.2731
2026-02-27 00:00:00,31.59,26.49,38.88,2.819,30.93,0.2837
2026-02-27 01:00:00,31.49,28.04,36.09,2.806,31.95,0.2931
2026-02-27 02:00:00,27.2,22.58,27.95,2.887,30.88,0.2571
2026-02-27 03:00:00,30.45,25.7,35.04,2.712,31.42,0.2613
2026-02-27 04:00:00,28.95,22.95,34.94,2.877,30.76,0.2885
2026-02-27 05:00:00,33.06,27.43,35.75,3.002,31.65,0.3124
2026-02-27 06:00:00,38.62,31.55,42.98,2.731,31.61,0.3663
2026-02-27 07:00:00,49.98,42.22,56.01,2.855,32.31,0.4036
2026-02-27 08:00:00,49.71,45.64,54.02,2.787,31.09,0.4558
2026-02-27 09:00:00,48.88,41.31,56.11,2.874,31.6,0.4611
2026-02-27 10:00:00,52.56,50.99,58.62,2.842,31.26,0.4652
2026-02-27 11:00:00,46.82,42.09,53.32,2.789,31.98,0.4385
2026-02-27 12:00:00,49.42,43.82,53.49,2.879,30.77,0.4371
2026-02-27 13:00:00,43.38,36.63,47.67,2.984,31.65,0.4134
2026-02-27 14:00:00,46.58,42.25,53.69,2.825,31.08,0.4477
2026-02-27 15:00:00,51.09,43.92,56.44,2.898,31.16,0.4398
2026-02-27 16:00:00,53.23,47.07,63.25,2.737,31.26,0.4413
2026-02-27 17:00:00,52.72,51.0,58.21,2.763,31.35,0.4764
2026-02-27 18:00:00,50.36,44.14,56.87,2.878,31.13,0.4603
2026-02-27 19:00:00,46.56,43.04,54.1,2.959,31.33,0.4413
2026-02-27 20:00:00,39.54,33.53,41.3,2.868,32.15,0.379
2026-02-27 21:00:00,37.16,32.64,37.92,2.815,31.79,0.3578
2026-02-27 22:00:00,34.43,33.49,35.36,2.84,31.72,0.3302
2026-02-27 23:00:00,36.4,30.9,43.42,2.74,30.93,0.3129
2026-02-28 00:00:00,33.85,33.05,36.75,2.888,30.67,0.2799
2026-02-28 01:00:00,27.12,25.14,35.75,2.911,31.77,0.2842
2026-02-28 02:00:00,30.88,26.16,33.4,2.804,31.73,0.2771
2026-02-28 03:00:00,28.76,26.45,32.6,2.802,32.08,0.2661
2026-02-28 04:00:00,28.9,27.19,35.61,2.861,30.84,0.2319
2026-02-28 05:00:00,35.36,32.24,43.82,2.805,31.06,0.3072
2026-02-28 06:00:00,42.67,34.73,52.12,2.835,30.22,0.4053
2026-02-28 07:00:00,47.9,40.84,56.19,3.008,30.96,0.4032
2026-02-28 08:00:00,47.86,41.67,55.75,2.82,31.8,0.4338
2026-02-28 09:00:00,50.81,44.58,58.16,2.811,30.92,0.4711
2026-02-28 10:00:00,51.52,46.45,59.33,2.788,31.58,0.4622
2026-02-28 11:00:00,52.23,46.28,57.34,2.9,31.09,0.4723
2026-02-28 12:00:00,47.9,39.75,51.93,2.826,31.39,0.4156
2026-02-28 13:00:00,47.77,42.72,53.5,2.788,30.51,0.4478
2026-02-28 14:00:00,47.25,42.68,52.56,2.946,31.25,0.4602
2026-02-28 15:00:00,47.88,43.14,52.67,2.954,29.41,0.4532
2026-02-28 16:00:00,53.55,49.07,61.43,2.792,31.09,0.4704
2026-02-28 17:00:00,55.7,50.51,64.39,2.691,30.22,0.4918
2026-02-28 18:00:00,50.59,45.35,56.85,2.921,31.92,0.4734
2026-02-28 19:00:00,49.82,43.72,58.9,2.785,31.67,0.4027
2026-02-28 20:00:00,44.09,35.81,46.98,2.903,31.48,0.404
2026-02-28 21:00:00,37.48,33.75,41.57,2.682,32.11,0.3483
2026-02-28 22:00:00,36.54,32.53,39.42,2.911,30.63,0.3207
2026-02-28 23:00:00,37.69,33.65,38.29,2.743,32.25,0.3055
2026-03-01 00:00:00,33.07,26.81,36.87,2.898,31.76,0.2934
2026-03-01 01:00:00,35.24,29.07,39.21,2.841,31.06,0.305
2026-03-01 02:00:00,23.94,22.97,30.0,2.764,31.88,0.2681
2026-03-01 03:00:00,31.79,27.9,36.93,2.807,30.54,0.2436
2026-03-01 04:00:00,30.87,28.39,32.42,2.895,30.71,0.2657
2026-03-01 05:00:00,33.31,29.36,41.2,2.848,30.83,0.3076
2026-03-01 06:00:00,40.55,35.74,47.98,2.887,30.88,0.3856
2026-03-01 07:00:00,41.03,37.79,47.17,2.998,30.57,0.4225
2026-03-01 08:00:00,49.48,42.61,54.94,2.715,31.93,0.4314
2026-03-01 09:00:00,52.55,46.41,56.84,2.969,31.04,0.5133
2026-03-01 10:00:00,54.4,47.04,60.15,2.848,31.41,0.4613
2026-03-01 11:00:00,48.78,42.14,56.92,2.768,30.86,0.4739
2026-03-01 12:00:00,47.25,41.02,56.87,2.734,30.11,0.4378
2026-03-01 13:00:00,47.15,41.89,56.05,2.825,31.36,0.4439
2026-03-01 14:00:00,52.23,45.1,57.48,2.914,30.05,0.4652
2026-03-01 15:00:00,51.67,47.73,55.52,2.83,31.16,0.4804
2026-03-01 16:00:00,50.46,42.79,56.81,2.961,30.38,0.4847
2026-03-01 17:00:00,53.81,47.01,56.55,2.724,32.39,0.4886
2026-03-01 18:00:00,51.13,44.21,57.95,2.839,31.75,0.4497
2026-03-01 19:00:00,49.87,46.49,55.54,2.74,31.26,0.4142
2026-03-01 20:00:00,41.67,37.02,45.69,2.869,31.96,0.3943
2026-03-01 21:00:00,38.37,35.62,39.63,2.911,30.69,0.3683
2026-03-01 22:00:00,34.86,28.0,40.12,2.806,31.53,0.3147
2026-03-01 23:00:00,30.62,27.42,33.17,2.632,31.32,0.3253
2026-03-02 00:00:00,34.0,31.52,35.63,2.856,31.36,0.3255
2026-03-02 01:00:00,32.25,28.52,30.08,2.875,31.96,0.2629
2026-03-02 02:00:00,30.38,28.65,33.96,2.872,31.64,0.2531
2026-03-02 03:00:00,29.39,24.93,36.64,2.939,31.37,0.2632
2026-03-02 04:00:00,27.4,26.65,34.18,2.754,30.21,0.2798
2026-03-02 05:00:00,33.15,33.31,36.17,2.894,30.62,0.2935
2026-03-02 06:00:00,39.64,34.23,43.14,2.935,31.13,0.388
2026-03-02 07:00:00,44.01,37.92,50.27,2.698,31.26,0.4189
2026-03-02 08:00:00,49.75,46.4,53.62,2.866,30.52,0.4492
2026-03-02 09:00:00,52.79,49.3,59.76,2.8,32.65,0.4349
2026-03-02 10:00:00,55.52,47.91,63.79,2.833,32.11,0.4297
2026-03-02 11:00:00,50.57,43.75,59.22,2.868,31.56,0.454
2026-03-02 12:00:00,49.94,43.44,55.72,2.801,31.24,0.3981
2026-03-02 13:00:00,48.31,40.09,53.68,2.786,31.07,0.4535
2026-03-02 14:00:00,45.57,38.44,49.19,2.843,30.63,0.4452
2026-03-02 15:00:00,50.95,43.03,55.33,2.753,31.25,0.5209
2026-03-02 16:00:00,52.01,44.38,57.77,2.753,31.35,0.5098
2026-03-02 17:00:00,58.62,51.52,66.43,2.894,30.45,0.4676
2026-03-02 18:00:00,50.57,44.92,58.56,2.748,31.4,0.4539
2026-03-02 19:00:00,48.4,45.39,52.52,2.893,31.11,0.4455
2026-03-02 20:00:00,43.4,36.4,51.74,2.877,30.06,0.4217
2026-03-02 21:00:00,36.49,33.88,40.29,2.702,30.68,0.3168
2026-03-02 22:00:00,38.68,33.65,43.27,2.786,30.95,0.2835
2026-03-02 23:00:00,36.07,31.65,38.82,2.936,32.33,0.2916
2026-03-03 00:00:00,35.33,32.3,34.47,2.762,31.53,0.3081
2026-03-03 01:00:00,29.57,24.0,34.97,2.803,30.4,0.2911
2026-03-03 02:00:00,33.86,30.49,39.48,2.877,31.49,0.2912
2026-03-03 03:00:00,26.72,23.81,29.33,2.903,30.27,0.242
2026-03-03 04:00:00,32.34,29.34,36.36,2.82,31.85,0.2273
2026-03-03 05:00:00,39.55,35.33,45.38,2.792,30.92,0.3212
2026-03-03 06:00:00,38.22,38.06,39.53,2.954,31.14,0.3444
2026-03-03 07:00:00,44.71,38.19,48.96,2.979,32.0,0.37
2026-03-03 08:00:00,50.51,43.49,58.24,2.918,30.43,0.4513
2026-03-03 09:00:00,50.75,43.54,54.2,2.847,30.36,0.4795
2026-03-03 10:00:00,47.4,40.71,53.71,2.775,30.85,0.4536
2026-03-03 11:00:00,50.45,43.25,53.66,2.774,31.82,0.4392
2026-03-03 12:00:00,46.9,43.42,53.51,2.882,30.29,0.4376
2026-03-03 13:00:00,49.76,46.34,55.65,2.873,29.5,0.4258
2026-03-03 14:00:00,48.1,41.3,50.48,2.952,30.93,0.4214
2026-03-03 15:00:00,54.87,46.79,63.9,2.892,31.53,0.4417
2026-03-03 16:00:00,50.12,44.95,54.59,2.72,31.92,0.474
2026-03-03 17:00:00,52.07,44.83,56.61,2.924,30.92,0.4776
2026-03-03 18:00:00,53.12,47.88,59.91,2.76,30.95,0.4594
2026-03-03 19:00:00,44.86,39.84,52.65,2.809,31.89,0.4057
2026-03-03 20:00:00,44.16,36.14,47.33,2.86,30.08,0.384
2026-03-03 21:00:00,42.56,40.24,47.8,3.0,30.97,0.3061
2026-03-03 22:00:00,32.21,31.58,36.98,3.089,31.31,0.3228
2026-03-03 23:00:00,34.84,29.55,40.47,2.889,31.47,0.3326
2026-03-04 00:00:00,34.18,29.38,38.66,2.825,30.89,0.2669
2026-03-04 01:00:00,33.76,30.23,37.04,2.883,31.22,0.2695
2026-03-04 02:00:00,27.66,24.94,29.24,2.911,29.71,0.2764
2026-03-04 03:00:00,27.05,24.99,30.47,2.814,30.81,0.2911
2026-03-04 04:00:00,32.31,32.06,33.94,2.984,31.47,0.2646
2026-03-04 05:00:00,35.14,30.61,33.22,2.858,30.61,0.2902
2026-03-04 06:00:00,41.33,34.94,47.21,2.88,31.24,0.3216
2026-03-04 07:00:00,47.03,38.9,54.57,2.893,31.47,0.4125
2026-03-04 08:00:00,48.77,41.6,49.66,2.874,30.99,0.4892
2026-03-04 09:00:00,52.65,46.27,56.84,2.907,31.3,0.4691
2026-03-04 10:00:00,51.96,48.95,59.49,2.791,30.62,0.4556
2026-03-04 11:00:00,48.71,41.93,58.87,2.795,31.08,0.4548
2026-03-04 12:00:00,54.06,47.98,60.6,2.752,31.57,0.4406
2026-03-04 13:00:00,49.89,43.87,54.35,2.875,31.29,0.4169
2026-03-04 14:00:00,47.58,44.01,52.9,2.902,30.85,0.4649
2026-03-04 15:00:00,52.86,51.06,62.09,2.877,31.33,0.4605
2026-03-04 16:00:00,49.79,42.86,54.41,2.974,31.63,0.464
2026-03-04 17:00:00,54.86,47.4,59.77,2.84,29.97,0.4517
2026-03-04 18:00:00,54.08,49.47,59.56,2.893,31.9,0.4821
2026-03-04 19:00:00,45.98,41.69,49.49,2.753,31.0,0.4389
2026-03-04 20:00:00,46.06,43.86,51.85,2.809,31.46,0.3765
2026-03-04 21:00:00,40.55,36.73,48.82,2.896,31.92,0.3696
2026-03-04 22:00:00,38.18,32.95,43.43,2.908,30.38,0.3092
2026-03-04 23:00:00,39.08,35.45,43.24,2.816,30.77,0.2884
2026-03-05 00:00:00,33.1,31.13,36.46,2.834,31.03,0.2812
2026-03-05 01:00:00,30.21,28.06,30.55,2.719,30.73,0.2458
2026-03-05 02:00:00,28.63,26.11,33.92,2.811,32.24,0.2792
2026-03-05 03:00:00,28.39,26.91,31.64,2.911,30.69,0.2294
2026-03-05 04:00:00,31.01,29.39,34.35,2.886,30.87,0.249
2026-03-05 05:00:00,35.38,33.62,46.33,2.88,31.32,0.2625
2026-03-05 06:00:00,41.53,37.71,47.14,2.844,30.48,0.3593
2026-03-05 07:00:00,48.32,42.22,52.54,2.841,30.96,0.4074
2026-03-05 08:00:00,50.57,44.76,55.74,2.787,31.39,0.4419
2026-03-05 09:00:00,55.71,51.2,64.81,2.896,31.0,0.4427
2026-03-05 10:00:00,50.75,43.19,57.08,2.874,31.14,0.4326
2026-03-05 11:00:00,57.08,50.9,60.91,2.879,30.88,0.4577
2026-03-05 12:00:00,51.22,44.37,59.3,2.798,30.29,0.4298
2026-03-05 13:00:00,46.83,41.26,51.04,2.668,31.39,0.4395
2026-03-05 14:00:00,48.0,44.54,57.7,2.928,32.25,0.4307
2026-03-05 15:00:00,52.57,46.61,61.15,2.802,31.21,0.4596
2026-03-05 16:00:00,51.73,45.6,56.99,2.771,31.34,0.4897
2026-03-05 17:00:00,54.82,45.8,64.09,2.895,31.62,0.4829
2026-03-05 18:00:00,52.57,47.6,59.02,2.809,30.44,0.4478
2026-03-05 19:00:00,47.9,43.32,55.44,2.925,32.22,0.4307
2026-03-05 20:00:00,41.85,40.72,47.89,2.889,31.32,0.3828
2026-03-05 21:00:00,36.05,31.17,38.6,2.895,32.18,0.3498
2026-03-05 22:00:00,35.26,31.43,38.14,2.731,30.76,0.3127
2026-03-05 23:00:00,36.72,32.76,43.29,2.937,32.29,0.3007
2026-03-06 00:00:00,34.34,33.06,37.76,2.861,31.67,0.3006
2026-03-06 01:00:00,29.16,25.49,31.81,2.81,31.53,0.2613
2026-03-06 02:00:00,31.31,28.06,33.07,2.851,31.34,0.2495
2026-03-06 03:00:00,31.41,28.73,36.07,2.698,31.05,0.2382
2026-03-06 04:00:00,29.21,26.04,37.04,2.873,31.92,0.2416
2026-03-06 05:00:00,35.06,30.05,37.03,2.758,31.28,0.2797
2026-03-06 06:00:00,41.14,36.55,46.13,2.732,30.02,0.3642
2026-03-06 07:00:00,43.72,40.41,51.93,2.718,30.53,0.3925
2026-03-06 08:00:00,51.53,43.5,57.55,2.929,31.09,0.4587
2026-03-06 09:00:00,53.7,47.5,61.1,2.79,31.39,0.4643
2026-03-06 10:00:00,54.12,46.37,58.39,2.963,31.17,0.4166
2026-03-06 11:00:00,53.22,48.98,60.5,2.797,31.93,0.4615
2026-03-06 12:00:00,46.55,38.22,51.74,2.703,30.03,0.457
2026-03-06 13:00:00,46.77,40.15,54.45,2.751,31.29,0.4133
2026-03-06 14:00:00,51.94,46.39,60.67,2.939,30.11,0.4568
2026-03-06 15:00:00,52.78,49.27,64.56,2.828,31.66,0.4389
2026-03-06 16:00:00,53.63,47.08,61.28,2.796,31.14,0.4656
2026-03-06 17:00:00,62.49,53.99,70.67,2.853,31.45,0.4459
2026-03-06 18:00:00,52.94,49.97,59.7,2.88,30.68,0.4201
2026-03-06 19:00:00,50.94,42.22,56.31,2.929,31.97,0.4179
2026-03-06 20:00:00,46.31,36.79,52.58,2.956,31.83,0.3851
2026-03-06 21:00:00,41.39,37.21,45.73,2.811,31.55,0.3416
2026-03-06 22:00:00,35.71,30.52,40.35,2.734,31.12,0.2955
2026-03-06 23:00:00,36.62,30.38,43.78,2.807,31.55,0.296
2026-03-07 00:00:00,32.11,29.53,33.84,2.861,30.78,0.3018
2026-03-07 01:00:00,31.72,28.35,37.92,2.763,31.71,0.2803
2026-03-07 02:00:00,29.87,25.27,36.22,2.763,32.19,0.2735
2026-03-07 03:00:00,30.81,24.81,34.26,2.868,31.84,0.2526
2026-03-07 04:00:00,37.02,34.15,37.0,2.836,30.76,0.297
2026-03-07 05:00:00,30.35,27.88,32.71,2.843,31.42,0.2805
2026-03-07 06:00:00,42.78,37.47,50.64,2.779,30.42,0.3708
2026-03-07 07:00:00,42.73,40.92,47.81,2.822,31.54,0.434
2026-03-07 08:00:00,49.67,41.79,53.53,2.766,31.47,0.458
2026-03-07 09:00:00,55.1,45.75,60.66,2.911,30.08,0.4595
2026-03-07 10:00:00,51.81,44.35,59.79,2.923,30.5,0.4454
2026-03-07 11:00:00,48.23,42.36,55.17,2.692,31.03,0.4691
2026-03-07 12:00:00,48.27,42.92,53.56,2.766,31.02,0.4123
2026-03-07 13:00:00,50.78,44.26,56.11,2.72,30.47,0.4138
2026-03-07 14:00:00,49.08,43.83,54.15,2.788,31.43,0.4404
2026-03-07 15:00:00,52.2,43.69,56.53,2.833,31.35,0.4808
2026-03-07 16:00:00,52.64,48.92,62.35,2.724,31.08,0.4712
2026-03-07 17:00:00,51.81,45.45,57.35,2.766,30.75,0.4518
2026-03-07 18:00:00,56.85,52.04,66.22,2.76,31.83,0.4498
2026-03-07 19:00:00,49.87,44.5,59.05,2.857,32.19,0.4133
2026-03-07 20:00:00,39.29,35.4,46.1,2.846,30.91,0.3734
2026-03-07 21:00:00,40.4,36.58,44.35,2.782,30.83,0.3692
2026-03-07 22:00:00,35.01,31.62,40.06,2.854,31.49,0.2918
2026-03-07 23:00:00,36.97,33.69,41.36,2.796,30.99,0.3362
2026-03-08 00:00:00,32.19,30.72,34.16,2.818,31.12,0.313
2026-03-08 01:00:00,32.14,28.64,36.68,2.974,31.64,0.303
2026-03-08 02:00:00,32.38,29.77,33.79,2.947,30.05,0.2605
2026-03-08 03:00:00,32.83,28.73,39.26,2.736,31.99,0.263
2026-03-08 04:00:00,28.71,27.86,31.18,2.906,31.24,0.2449
2026-03-08 05:00:00,34.16,28.84,38.68,2.905,30.95,0.2935
2026-03-08 06:00:00,40.13,38.55,45.54,2.748,31.15,0.3709
2026-03-08 07:00:00,45.16,39.67,50.04,2.906,31.18,0.4363
2026-03-08 08:00:00,55.17,45.98,63.03,2.963,30.16,0.4263
2026-03-08 09:00:00,53.6,47.39,59.03,2.75,32.1,0.4563
2026-03-08 10:00:00,48.76,41.69,56.44,2.767,31.22,0.453
2026-03-08 11:00:00,53.16,48.29,56.71,2.921,31.47,0.4205
2026-03-08 12:00:00,55.21,47.41,62.1,2.862,31.77,0.4526
2026-03-08 13:00:00,51.76,44.75,62.05,2.884,30.59,0.4187
2026-03-08 14:00:00,47.32,38.24,50.9,2.867,31.48,0.4445
2026-03-08 15:00:00,50.65,43.76,55.31,2.871,31.04,0.447
2026-03-08 16:00:00,55.7,44.66,63.47,2.734,31.71,0.4478
2026-03-08 17:00:00,51.81,42.74,58.4,2.924,29.92,0.4711
2026-03-08 18:00:00,52.9,47.92,59.98,2.934,31.14,0.4517
2026-03-08 19:00:00,50.34,45.71,57.41,2.822,30.84,0.4182
2026-03-08 20:00:00,42.06,37.78,48.44,2.837,31.46,0.373
2026-03-08 21:00:00,39.95,33.41,47.07,2.718,31.48,0.356
2026-03-08 22:00:00,28.96,25.4,33.29,2.881,30.78,0.3523
2026-03-08 23:00:00,32.6,28.68,36.01,2.886,30.77,0.3068
2026-03-09 00:00:00,33.62,27.5,39.07,2.835,31.13,0.3163
2026-03-09 01:00:00,29.56,28.72,37.09,2.93,30.66,0.2534
2026-03-09 02:00:00,35.22,32.57,39.16,2.813,31.71,0.273
2026-03-09 03:00:00,27.45,23.76,28.7,2.885,30.98,0.2441
2026-03-09 04:00:00,30.67,27.04,36.68,2.758,29.46,0.2441
2026-03-09 05:00:00,35.41,31.53,39.4,2.838,30.98,0.2892
2026-03-09 06:00:00,44.86,35.8,45.68,2.826,30.58,0.3848
2026-03-09 07:00:00,43.42,37.76,50.41,2.858,30.22,0.4294
2026-03-09 08:00:00,53.86,46.17,59.2,2.81,30.46,0.4533
2026-03-09 09:00:00,52.78,44.64,58.92,2.829,31.27,0.4329
2026-03-09 10:00:00,49.57,43.11,56.21,2.906,32.0,0.4521
2026-03-09 11:00:00,52.2,49.17,58.86,2.805,31.39,0.4544
2026-03-09 12:00:00,50.73,45.8,58.31,2.711,30.84,0.4443
2026-03-09 13:00:00,47.98,41.19,52.82,2.98,31.47,0.3963
2026-03-09 14:00:00,51.27,46.15,58.5,2.951,30.92,0.4306
2026-03-09 15:00:00,51.03,47.42,56.6,2.737,30.78,0.4547
2026-03-09 16:00:00,53.07,48.36,60.99,2.895,30.51,0.4743
2026-03-09 17:00:00,55.23,48.71,63.15,2.8,30.15,0.4273
2026-03-09 18:00:00,55.77,47.92,60.5,2.861,30.97,0.4528
2026-03-09 19:00:00,45.64,41.42,53.4,2.864,31.29,0.4285
2026-03-09 20:00:00,49.54,44.3,54.36,2.821,31.14,0.4046
2026-03-09 21:00:00,35.54,32.89,41.5,2.777,30.95,0.3635
2026-03-09 22:00:00,36.5,33.27,41.66,2.785,30.63,0.3309
2026-03-09 23:00:00,36.61,34.1,44.86,2.767,31.56,0.288
2026-03-10 00:00:00,35.03,29.87,38.77,2.773,30.41,0.2582
2026-03-10 01:00:00,31.19,29.82,34.2,2.835,31.67,0.2733
2026-03-10 02:00:00,30.93,27.58,34.6,2.783,30.6,0.2898
2026-03-10 03:00:00,29.83,29.99,32.78,2.895,30.75,0.2939
2026-03-10 04:00:00,30.45,25.55,35.78,2.959,30.32,0.2878
2026-03-10 05:00:00,37.27,35.92,38.34,2.794,30.9,0.3126
2026-03-10 06:00:00,42.39,37.66,45.26,2.859,31.79,0.3686
2026-03-10 07:00:00,45.34,38.72,48.53,2.88,31.51,0.3993
2026-03-10 08:00:00,53.36,46.09,61.76,2.878,31.79,0.4458
2026-03-10 09:00:00,53.63,46.62,63.66,2.846,31.51,0.497
2026-03-10 10:00:00,54.01,48.29,60.27,2.899,30.54,0.4371
2026-03-10 11:00:00,52.73,47.35,58.71,2.879,31.0,0.4807
2026-03-10 12:00:00,48.4,41.56,54.35,2.741,30.73,0.4344
2026-03-10 13:00:00,48.21,42.38,56.43,2.91,32.0,0.4597
2026-03-10 14:00:00,53.03,50.52,57.45,2.911,30.48,0.4203
2026-03-10 15:00:00,53.55,50.23,60.47,2.779,31.74,0.4677
2026-03-10 16:00:00,52.88,47.32,61.27,2.843,31.74,0.4489
2026-03-10 17:00:00,54.06,47.64,61.6,2.895,32.3,0.4429
2026-03-10 18:00:00,55.17,48.76,62.18,2.823,30.95,0.4604
2026-03-10 19:00:00,47.33,42.75,55.11,2.926,31.63,0.4458
2026-03-10 20:00:00,45.86,38.52,45.69,3.029,32.57,0.3707
2026-03-10 21:00:00,39.87,34.62,46.08,2.777,30.83,0.3196
2026-03-10 22:00:00,36.48,29.1,39.48,2.73,30.28,0.3174
2026-03-10 23:00:00,37.96,34.13,38.68,2.864,30.07,0.3023
2026-03-11 00:00:00,36.47,33.26,41.92,2.898,31.63,0.3074
2026-03-11 01:00:00,34.77,29.73,41.83,2.822,30.07,0.3002
2026-03-11 02:00:00,34.7,33.37,38.57,2.956,30.98,0.2686
2026-03-11 03:00:00,31.2,25.25,36.95,2.733,31.46,0.3031
2026-03-11 04:00:00,33.63,26.96,41.05,2.895,31.31,0.2781
2026-03-11 05:00:00,34.62,30.87,41.53,2.792,31.46,0.2971
2026-03-11 06:00:00,42.44,39.24,50.98,2.978,31.33,0.3288
2026-03-11 07:00:00,46.82,44.23,54.0,2.999,31.97,0.4051
2026-03-11 08:00:00,51.57,44.56,57.92,2.779,30.63,0.4417
2026-03-11 09:00:00,54.45,49.86,57.62,2.796,30.79,0.4828
2026-03-11 10:00:00,50.23,44.13,55.74,2.909,30.74,0.4652
2026-03-11 11:00:00,56.38,49.3,61.37,2.809,31.7,0.4248
2026-03-11 12:00:00,48.11,43.92,58.44,2.836,31.74,0.4442
2026-03-11 13:00:00,46.77,42.33,52.01,2.842,31.47,0.4466
2026-03-11 14:00:00,54.15,44.82,60.91,2.686,31.91,0.479
2026-03-11 15:00:00,54.12,50.28,61.77,2.839,30.49,0.4738
2026-03-11 16:00:00,54.56,50.5,61.2,2.785,32.2,0.4788
2026-03-11 17:00:00,55.42,47.64,65.63,2.801,32.11,0.4724
2026-03-11 18:00:00,52.2,46.65,57.16,2.955,31.64,0.4638
2026-03-11 19:00:00,46.73,42.01,52.74,2.739,32.27,0.4506
2026-03-11 20:00:00,44.87,39.95,48.69,2.905,30.21,0.3609
2026-03-11 21:00:00,38.86,33.21,40.76,2.818,30.89,0.3426
2026-03-11 22:00:00,39.48,33.53,42.93,2.818,30.76,0.3037
2026-03-11 23:00:00,35.11,30.85,39.24,2.903,31.63,0.3116
2026-03-12 00:00:00,32.65,30.84,35.66,2.867,30.57,0.321
2026-03-12 01:00:00,32.18,29.3,34.59,2.886,31.65,0.2693
2026-03-12 02:00:00,32.69,28.1,33.66,2.917,32.02,0.222
2026-03-12 03:00:00,29.93,27.73,33.35,2.813,31.62,0.2578
2026-03-12 04:00:00,30.16,21.41,30.61,2.791,31.37,0.2919
2026-03-12 05:00:00,36.08,33.82,42.0,2.753,30.61,0.3148
2026-03-12 06:00:00,42.39,34.17,47.65,2.774,30.69,0.3696
2026-03-12 07:00:00,46.05,39.87,48.51,3.076,31.95,0.4048
2026-03-12 08:00:00,50.34,42.28,55.73,2.94,31.67,0.4228
2026-03-12 09:00:00,53.71,44.94,58.58,2.732,31.18,0.4739
2026-03-12 10:00:00,48.85,45.07,55.38,2.734,30.95,0.4393
2026-03-12 11:00:00,48.11,41.49,56.7,2.879,29.98,0.4921
2026-03-12 12:00:00,48.93,43.68,50.86,2.884,30.56,0.4522
2026-03-12 13:00:00,49.31,43.31,55.46,2.884,32.35,0.4216
2026-03-12 14:00:00,52.25,46.84,58.18,2.82,30.43,0.4362
2026-03-12 15:00:00,55.89,49.32,64.01,2.83,31.31,0.4541
2026-03-12 16:00:00,55.25,46.31,62.33,2.866,31.8,0.4588
2026-03-12 17:00:00,53.66,49.01,58.52,2.847,30.45,0.4935
2026-03-12 18:00:00,52.32,45.15,57.93,2.662,31.31,0.4597
2026-03-12 19:00:00,46.61,38.21,50.53,2.822,31.76,0.411
2026-03-12 20:00:00,44.77,38.63,52.41,2.772,31.21,0.4254
2026-03-12 21:00:00,39.93,37.84,44.77,2.854,32.92,0.3506
2026-03-12 22:00:00,38.04,35.01,46.6,3.079,30.2,0.3346
2026-03-12 23:00:00,33.61,28.95,37.51,2.869,31.84,0.2918
2026-03-13 00:00:00,36.01,31.06,38.84,2.815,31.1,0.3037
2026-03-13 01:00:00,36.76,31.77,38.0,2.914,31.66,0.2874
2026-03-13 02:00:00,31.57,31.52,31.57,2.879,31.46,0.232
2026-03-13 03:00:00,32.38,29.18,32.94,2.874,30.76,0.3063
2026-03-13 04:00:00,33.92,30.62,38.55,2.889,31.34,0.2994
2026-03-13 05:00:00,34.66,32.36,39.89,3.005,30.09,0.2961
2026-03-13 06:00:00,42.47,37.8,44.25,2.75,31.56,0.339
2026-03-13 07:00:00,47.43,41.27,55.0,2.878,31.38,0.4174
2026-03-13 08:00:00,51.84,45.26,57.05,2.766,31.58,0.4501
2026-03-13 09:00:00,51.43,45.13,57.92,2.884,31.83,0.4707
2026-03-13 10:00:00,52.51,46.15,62.2,2.767,31.42,0.4598
2026-03-13 11:00:00,52.82,47.79,61.04,2.807,31.29,0.4585
2026-03-13 12:00:00,54.27,47.85,60.22,2.816,30.67,0.4697
2026-03-13 13:00:00,52.25,47.3,56.65,2.918,30.77,0.4446
2026-03-13 14:00:00,56.81,49.84,59.1,2.913,31.91,0.4274
2026-03-13 15:00:00,50.64,44.71,55.21,2.74,32.06,0.4833
2026-03-13 16:00:00,55.42,45.18,61.63,2.844,31.06,0.4964
2026-03-13 17:00:00,54.61,49.71,59.1,2.783,31.23,0.5342
2026-03-13 18:00:00,57.76,51.45,64.41,2.739,30.66,0.4335
2026-03-13 19:00:00,47.21,43.34,53.03,2.823,31.9,0.4305
2026-03-13 20:00:00,42.94,32.57,47.62,2.815,31.6,0.346
2026-03-13 21:00:00,39.32,38.36,42.67,3.034,32.36,0.3607
2026-03-13 22:00:00,32.3,28.18,36.54,2.875,30.67,0.3082
2026-03-13 23:00:00,34.47,32.32,39.53,2.73,30.97,0.3425
2026-03-14 00:00:00,33.07,27.23,34.75,2.795,31.34,0.2809
2026-03-14 01:00:00,33.58,30.65,40.57,2.922,31.59,0.2474
2026-03-14 02:00:00,32.78,26.95,36.51,3.007,31.07,0.2604
2026-03-14 03:00:00,36.05,30.6,40.42,2.713,30.68,0.2265
2026-03-14 04:00:00,34.68,33.96,40.33,2.69,31.73,0.2886
2026-03-14 05:00:00,34.38,29.91,38.99,2.99,31.63,0.2627
2026-03-14 06:00:00,39.91,35.51,46.7,2.871,30.65,0.3616
2026-03-14 07:00:00,48.71,44.43,55.16,2.771,32.01,0.3688
2026-03-14 08:00:00,48.57,43.63,53.11,2.883,31.9,0.442
2026-03-14 09:00:00,57.82,51.15,65.52,2.629,31.28,0.4965
2026-03-14 10:00:00,55.42,49.43,59.67,2.84,31.25,0.4632
2026-03-14 11:00:00,50.63,48.88,56.93,2.866,31.53,0.4311
2026-03-14 12:00:00,46.81,41.09,52.36,2.914,30.68,0.4402
2026-03-14 13:00:00,53.33,47.3,59.3,2.759,31.22,0.4336
2026-03-14 14:00:00,51.5,47.21,57.41,2.847,29.91,0.4579
2026-03-14 15:00:00,55.59,50.91,58.31,2.766,31.73,0.4287
2026-03-14 16:00:00,49.64,45.82,54.44,2.86,30.26,0.4755
2026-03-14 17:00:00,52.87,47.67,59.41,2.768,32.1,0.4171
2026-03-14 18:00:00,52.65,44.27,59.3,2.807,31.0,0.4434
2026-03-14 19:00:00,49.39,46.4,53.16,2.76,31.07,0.4158
2026-03-14 20:00:00,44.0,36.66,51.94,2.892,30.82,0.4003
2026-03-14 21:00:00,42.38,37.84,45.65,2.909,31.03,0.3501
2026-03-14 22:00:00,34.97,29.42,41.21,2.821,32.05,0.2911
2026-03-14 23:00:00,35.52,31.14,40.68,2.843,29.71,0.2843
2026-03-15 00:00:00,35.32,31.67,38.2,2.724,31.97,0.3004
2026-03-15 01:00:00,34.59,31.01,42.47,2.816,31.4,0.2796
2026-03-15 02:00:00,33.81,30.51,35.36,2.836,30.48,0.2582
2026-03-15 03:00:00,28.98,28.41,34.39,3.05,30.55,0.2564
2026-03-15 04:00:00,28.85,26.2,34.41,2.751,32.21,0.2875
2026-03-15 05:00:00,38.96,33.85,42.23,2.957,30.63,0.2936
2026-03-15 06:00:00,43.0,39.57,51.08,2.92,30.51,0.3592
2026-03-15 07:00:00,45.87,42.51,50.85,2.862,31.88,0.4538
2026-03-15 08:00:00,55.59,46.71,62.87,2.981,31.4,0.4199
2026-03-15 09:00:00,53.83,48.45,60.84,2.87,30.64,0.4266
2026-03-15 10:00:00,55.55,50.15,61.94,2.871,31.33,0.4717
2026-03-15 11:00:00,52.05,45.27,60.0,2.836,30.58,0.4348
2026-03-15 12:00:00,56.0,51.76,64.39,2.938,31.86,0.4344
2026-03-15 13:00:00,54.43,47.63,57.29,2.928,31.84,0.4176
2026-03-15 14:00:00,51.31,45.38,60.2,2.79,31.52,0.4432
2026-03-15 15:00:00,55.08,48.16,58.2,2.734,31.42,0.488
2026-03-15 16:00:00,55.14,48.56,63.93,2.824,32.26,0.4796
2026-03-15 17:00:00,57.73,48.83,67.02,2.776,31.2,0.4884
2026-03-15 18:00:00,50.45,41.8,54.21,2.835,30.49,0.4277
2026-03-15 19:00:00,51.06,47.8,56.32,2.939,31.47,0.4026
2026-03-15 20:00:00,47.76,40.5,51.17,2.803,32.45,0.3308
2026-03-15 21:00:00,36.8,30.6,40.77,2.837,30.59,0.3334
2026-03-15 22:00:00,34.83,26.77,38.36,2.845,30.98,0.3383
2026-03-15 23:00:00,31.1,26.22,36.47,2.908,31.45,0.3143
2026-03-16 00:00:00,34.51,27.99,41.41,2.66,31.17,0.292
2026-03-16 01:00:00,35.21,33.94,42.36,2.791,30.61,0.2808
2026-03-16 02:00:00,35.84,33.35,38.96,2.857,31.87,0.256
2026-03-16 03:00:00,31.99,26.92,35.39,2.936,32.59,0.2701
2026-03-16 04:00:00,36.57,36.24,37.42,2.801,31.32,0.2889
2026-03-16 05:00:00,32.72,30.56,34.95,2.69,30.66,0.2717
2026-03-16 06:00:00,38.25,33.07,44.86,2.89,30.27,0.367
2026-03-16 07:00:00,47.67,37.45,56.78,2.789,31.35,0.429
2026-03-16 08:00:00,52.93,50.7,56.69,2.745,31.86,0.4401
2026-03-16 09:00:00,53.61,44.68,58.8,2.79,31.49,0.4776
2026-03-16 10:00:00,47.89,39.18,53.59,2.825,31.2,0.5123
2026-03-16 11:00:00,51.81,47.43,58.61,2.792,30.85,0.4463
2026-03-16 12:00:00,48.06,46.68,52.12,2.664,30.54,0.4487
2026-03-16 13:00:00,51.96,48.22,59.09,2.912,31.7,0.4184
2026-03-16 14:00:00,52.92,47.58,58.27,2.942,31.75,0.452
2026-03-16 15:00:00,50.63,45.62,56.67,2.892,30.27,0.4652
2026-03-16 16:00:00,52.5,47.73,59.94,2.749,32.15,0.4675
2026-03-16 17:00:00,52.03,47.15,58.29,2.824,31.54,0.4508
2026-03-16 18:00:00,52.75,46.93,58.16,2.839,32.04,0.4601
2026-03-16 19:00:00,51.84,45.8,57.83,2.888,30.39,0.4548
2026-03-16 20:00:00,42.99,37.71,47.96,2.893,30.38,0.3966
2026-03-16 21:00:00,42.37,35.93,46.67,2.781,31.11,0.3688
2026-03-16 22:00:00,36.53,31.64,40.37,2.847,31.5,0.3145
2026-03-16 23:00:00,34.22,27.07,41.69,2.877,32.28,0.319
2026-03-17 00:00:00,35.04,30.66,40.42,2.956,31.62,0.302
2026-03-17 01:00:00,31.13,25.62,34.25,2.896,31.05,0.2622
2026-03-17 02:00:00,31.04,25.32,36.22,2.903,30.58,0.2762
2026-03-17 03:00:00,29.08,25.91,31.86,2.847,31.94,0.2462
2026-03-17 04:00:00,37.51,35.52,44.48,2.953,30.62,0.2609
2026-03-17 05:00:00,36.25,33.55,41.37,2.873,32.18,0.3078
2026-03-17 06:00:00,40.79,33.07,45.46,2.771,31.03,0.3669
2026-03-17 07:00:00,48.45,40.85,55.2,2.952,32.15,0.3866
2026-03-17 08:00:00,51.87,47.34,54.79,2.896,31.61,0.4695
2026-03-17 09:00:00,53.29,45.13,57.32,2.805,31.12,0.475
2026-03-17 10:00:00,54.46,47.52,58.49,2.802,30.89,0.4419
2026-03-17 11:00:00,53.97,48.49,60.75,2.864,31.0,0.4176
2026-03-17 12:00:00,50.05,42.3,59.69,2.877,31.46,0.4379
2026-03-17 13:00:00,49.1,43.4,59.68,2.856,31.25,0.4243
2026-03-17 14:00:00,51.51,42.93,59.03,2.865,30.84,0.4507
2026-03-17 15:00:00,47.49,40.71,54.24,2.976,31.1,0.4487
2026-03-17 16:00:00,50.23,44.77,52.47,2.926,31.25,0.4235
2026-03-17 17:00:00,57.99,48.16,63.81,2.855,29.92,0.4634
2026-03-17 18:00:00,56.98,50.94,62.16,2.915,31.47,0.4499
2026-03-17 19:00:00,49.08,43.16,53.67,2.757,30.61,0.4383
2026-03-17 20:00:00,46.87,42.24,52.14,2.872,30.51,0.3736
2026-03-17 21:00:00,42.04,37.4,46.09,2.985,30.19,0.3832
2026-03-17 22:00:00,45.32,42.34,46.61,2.823,30.12,0.281
2026-03-17 23:00:00,38.95,34.5,45.19,2.772,30.39,0.3302
2026-03-18 00:00:00,35.12,30.13,37.08,2.788,30.77,0.2919
2026-03-18 01:00:00,31.46,27.9,35.74,2.753,32.37,0.2984
2026-03-18 02:00:00,28.64,26.18,36.43,2.777,30.88,0.2714
2026-03-18 03:00:00,32.57,28.75,34.55,2.81,31.31,0.2888
2026-03-18 04:00:00,31.11,27.45,29.53,2.728,31.44,0.2659
2026-03-18 05:00:00,32.88,27.67,36.23,2.841,31.28,0.282
2026-03-18 06:00:00,41.05,34.93,48.29,2.912,31.15,0.3894
2026-03-18 07:00:00,45.47,37.49,55.04,2.767,30.48,0.4081
2026-03-18 08:00:00,56.32,52.71,60.5,2.962,32.07,0.4528
2026-03-18 09:00:00,56.07,47.1,63.84,2.881,32.28,0.4883
2026-03-18 10:00:00,53.1,45.48,58.5,2.922,30.19,0.4354
2026-03-18 11:00:00,55.84,47.85,62.32,2.787,30.59,0.4603
2026-03-18 12:00:00,51.64,47.05,63.39,2.908,31.03,0.429
2026-03-18 13:00:00,48.55,42.19,51.22,2.753,30.62,0.4306
2026-03-18 14:00:00,55.96,51.49,63.21,2.911,31.5,0.4498
2026-03-18 15:00:00,54.44,46.7,61.96,2.854,30.76,0.426
2026-03-18 16:00:00,51.51,45.83,59.97,2.884,32.5,0.448
2026-03-18 17:00:00,54.38,46.35,61.12,2.746,31.91,0.4982
2026-03-18 18:00:00,51.07,48.8,57.84,2.768,31.33,0.4737
2026-03-18 19:00:00,46.49,38.78,51.25,2.888,31.82,0.4243
2026-03-18 20:00:00,47.84,42.66,54.15,2.764,31.86,0.3925
2026-03-18 21:00:00,46.01,41.63,50.81,2.877,30.86,0.3437
2026-03-18 22:00:00,34.71,31.29,40.18,2.731,30.71,0.3463
2026-03-18 23:00:00,37.75,32.88,41.5,2.908,31.25,0.3
2026-03-19 00:00:00,34.0,29.68,38.87,2.741,31.72,0.301
2026-03-19 01:00:00,32.72,28.87,36.58,2.884,31.28,0.3041
2026-03-19 02:00:00,31.21,27.2,37.32,2.89,30.25,0.2543
2026-03-19 03:00:00,30.14,28.26,33.65,2.784,30.72,0.2972
2026-03-19 04:00:00,33.18,33.18,33.44,2.887,31.16,0.243
2026-03-19 05:00:00,34.43,29.3,41.22,2.861,31.15,0.3366
2026-03-19 06:00:00,43.38,35.71,46.69,2.797,32.38,0.3535
2026-03-19 07:00:00,48.08,42.15,52.47,2.759,30.37,0.4055
2026-03-19 08:00:00,51.83,50.25,56.8,2.683,31.5,0.4106
2026-03-19 09:00:00,51.91,44.24,61.03,2.868,32.09,0.4545
2026-03-19 10:00:00,51.87,48.6,53.61,2.715,32.56,0.4352
2026-03-19 11:00:00,54.23,50.75,67.33,2.848,30.96,0.4362
2026-03-19 12:00:00,52.79,45.46,61.34,2.819,31.49,0.4381
2026-03-19 13:00:00,48.41,43.62,54.68,2.894,31.54,0.4524
2026-03-19 14:00:00,52.68,49.29,58.88,2.816,31.32,0.4526
2026-03-19 15:00:00,55.09,47.79,62.3,2.814,31.14,0.4622
2026-03-19 16:00:00,50.12,43.74,57.23,2.899,31.46,0.4417
2026-03-19 17:00:00,56.28,48.48,64.39,2.867,29.68,0.4536
2026-03-19 18:00:00,51.71,43.68,59.08,2.865,31.61,0.492
2026-03-19 19:00:00,51.31,43.99,57.66,2.878,31.28,0.4109
2026-03-19 20:00:00,43.92,36.45,48.78,2.717,31.07,0.4207
2026-03-19 21:00:00,37.22,32.82,41.37,2.901,32.43,0.3447
2026-03-19 22:00:00,34.3,28.79,38.0,2.889,30.8,0.3192
2026-03-19 23:00:00,36.64,32.67,43.42,2.759,30.96,0.3254
2026-03-20 00:00:00,36.32,29.16,41.92,2.82,32.39,0.3218
2026-03-20 01:00:00,31.85,28.62,29.5,2.837,30.7,0.279
2026-03-20 02:00:00,34.3,31.68,39.79,2.829,30.87,0.262
2026-03-20 03:00:00,28.36,21.37,32.17,2.867,31.11,0.2649
2026-03-20 04:00:00,33.04,29.75,36.96,2.955,31.7,0.2804
2026-03-20 05:00:00,33.65,31.83,36.88,2.927,31.32,0.3218
2026-03-20 06:00:00,41.3,34.17,48.62,2.735,30.42,0.3611
2026-03-20 07:00:00,48.45,45.64,56.25,2.89,30.88,0.4228
2026-03-20 08:00:00,50.47,45.17,54.91,2.946,30.84,0.4812
2026-03-20 09:00:00,53.3,45.64,60.55,2.871,31.15,0.4712
2026-03-20 10:00:00,55.8,49.01,60.46,2.927,31.46,0.4622
2026-03-20 11:00:00,51.17,46.03,54.41,3.001,31.45,0.418
2026-03-20 12:00:00,53.73,47.42,58.86,2.922,30.13,0.3882
2026-03-20 13:00:00,48.17,43.36,55.77,2.86,31.84,0.441
2026-03-20 14:00:00,53.84,45.72,62.31,2.924,31.35,0.4465
2026-03-20 15:00:00,56.88,50.36,64.78,2.852,32.03,0.4457
2026-03-20 16:00:00,48.33,39.99,55.65,2.842,31.47,0.4685
2026-03-20 17:00:00,53.2,46.61,60.66,2.812,31.86,0.47
2026-03-20 18:00:00,54.82,46.61,60.05,2.965,31.48,0.4786
2026-03-20 19:00:00,49.59,42.32,56.45,2.775,32.01,0.4273
2026-03-20 20:00:00,46.78,43.39,54.07,2.963,31.51,0.3727
2026-03-20 21:00:00,40.24,37.38,46.65,2.88,31.14,0.3694
2026-03-20 22:00:00,38.54,35.01,45.67,2.728,32.56,0.3149
2026-03-20 23:00:00,36.29,29.97,42.13,2.869,31.73,0.3145
2026-03-21 00:00:00,38.63,33.42,44.0,2.672,31.54,0.2869
2026-03-21 01:00:00,34.76,32.77,41.18,2.89,30.43,0.2682
2026-03-21 02:00:00,33.71,29.92,37.7,2.911,30.43,0.2715
2026-03-21 03:00:00,31.49,31.89,33.42,2.793,31.38,0.2663
2026-03-21 04:00:00,32.16,29.01,35.68,2.85,31.29,0.2832
2026-03-21 05:00:00,35.66,31.72,38.37,2.996,30.83,0.2986
2026-03-21 06:00:00,43.95,38.12,47.8,2.8,31.28,0.3243
2026-03-21 07:00:00,47.46,42.0,52.85,2.755,32.15,0.4017
2026-03-21 08:00:00,53.37,46.69,58.11,2.959,31.62,0.4643
2026-03-21 09:00:00,59.34,53.49,65.81,2.997,30.52,0.4577
2026-03-21 10:00:00,55.61,50.66,58.31,2.84,31.13,0.4511
2026-03-21 11:00:00,51.91,44.26,58.58,2.921,30.72,0.4681
2026-03-21 12:00:00,54.74,45.77,61.31,2.947,30.97,0.4266
2026-03-21 13:00:00,50.04,40.73,54.33,2.781,30.95,0.4023
2026-03-21 14:00:00,47.81,42.99,54.93,2.801,30.91,0.4452
2026-03-21 15:00:00,51.13,43.01,59.24,2.938,30.45,0.4463
2026-03-21 16:00:00,49.91,40.04,52.52,2.975,31.12,0.4443
2026-03-21 17:00:00,54.4,48.57,59.32,2.885,30.86,0.4677
2026-03-21 18:00:00,53.61,51.66,58.43,2.77,29.44,0.4658
2026-03-21 19:00:00,54.24,47.72,58.77,2.999,32.43,0.4254
2026-03-21 20:00:00,46.8,42.7,54.16,2.798,31.85,0.3937
2026-03-21 21:00:00,41.3,36.49,45.85,2.813,30.97,0.3859
2026-03-21 22:00:00,40.46,35.43,44.76,2.867,31.21,0.3123
2026-03-21 23:00:00,31.49,29.36,31.06,2.964,30.5,0.3096
2026-03-22 00:00:00,36.53,31.62,42.24,2.908,32.22,0.2862
2026-03-22 01:00:00,36.14,32.28,37.87,2.873,32.34,0.2643
2026-03-22 02:00:00,29.48,26.52,33.15,2.877,31.29,0.2581
2026-03-22 03:00:00,35.36,29.92,40.19,2.843,31.81,0.2564
2026-03-22 04:00:00,34.27,31.95,41.24,2.885,31.31,0.2808
2026-03-22 05:00:00,35.83,31.22,37.38,2.638,30.4,0.351
2026-03-22 06:00:00,44.65,37.93,43.67,2.816,30.95,0.3467
2026-03-22 07:00:00,54.05,48.53,60.92,2.859,31.28,0.4021
2026-03-22 08:00:00,53.24,45.23,63.41,2.748,30.93,0.4471
2026-03-22 09:00:00,55.09,48.53,64.3,2.871,31.07,0.4715
2026-03-22 10:00:00,52.55,46.23,59.3,2.824,31.15,0.4613
2026-03-22 11:00:00,50.78,46.64,55.84,2.98,31.15,0.4741
2026-03-22 12:00:00,53.98,48.36,62.15,2.966,31.23,0.3923
2026-03-22 13:00:00,49.1,43.16,52.94,2.803,30.56,0.3855
2026-03-22 14:00:00,53.01,48.12,60.37,2.828,30.77,0.4385
2026-03-22 15:00:00,52.54,48.73,59.9,2.834,30.43,0.4779
2026-03-22 16:00:00,55.68,50.0,64.59,2.804,31.79,0.4323
2026-03-22 17:00:00,56.18,49.45,68.71,2.856,29.94,0.411
2026-03-22 18:00:00,56.19,47.09,63.76,2.779,31.89,0.4674
2026-03-22 19:00:00,49.12,41.31,53.95,2.75,32.03,0.4305
2026-03-22 20:00:00,45.5,39.49,50.91,2.89,31.02,0.3658
2026-03-22 21:00:00,39.61,33.76,40.65,2.89,29.64,0.3299
2026-03-22 22:00:00,37.54,32.7,40.58,2.776,30.98,0.2998
2026-03-22 23:00:00,37.83,33.4,41.51,2.912,31.16,0.3062
2026-03-23 00:00:00,37.91,34.31,41.36,2.789,30.59,0.2839
2026-03-23 01:00:00,32.21,28.21,36.39,2.86,30.89,0.2911
2026-03-23 02:00:00,35.25,31.9,37.75,2.906,32.12,0.2127
2026-03-23 03:00:00,36.0,31.8,42.68,2.837,31.6,0.2489
2026-03-23 04:00:00,34.59,26.88,38.74,2.876,30.65,0.2511
2026-03-23 05:00:00,41.47,34.8,46.42,2.799,30.24,0.2989
2026-03-23 06:00:00,41.41,36.18,45.69,2.824,31.0,0.3502
2026-03-23 07:00:00,45.75,38.08,51.56,2.824,31.07,0.4264
2026-03-23 08:00:00,48.67,43.91,56.24,2.78,31.5,0.4112
2026-03-23 09:00:00,58.21,53.98,63.38,2.826,30.88,0.4645
2026-03-23 10:00:00,55.36,50.91,60.62,2.716,31.51,0.4672
2026-03-23 11:00:00,52.82,46.1,58.52,2.801,32.36,0.4855
2026-03-23 12:00:00,52.79,49.14,56.3,2.817,31.69,0.4312
2026-03-23 13:00:00,48.58,43.02,52.69,2.82,31.17,0.4397
2026-03-23 14:00:00,58.84,51.17,64.9,2.821,31.09,0.4123
2026-03-23 15:00:00,54.13,46.53,62.46,2.835,30.99,0.4082
2026-03-23 16:00:00,54.92,47.79,62.07,2.878,31.91,0.4805
2026-03-23 17:00:00,57.25,49.68,64.53,2.91,30.82,0.4711
2026-03-23 18:00:00,54.99,48.7,63.37,2.788,31.23,0.4796
2026-03-23 19:00:00,51.02,45.18,56.85,2.744,31.23,0.3981
2026-03-23 20:00:00,44.39,39.07,50.53,2.757,30.9,0.398
2026-03-23 21:00:00,43.22,38.82,48.19,2.801,30.38,0.387
2026-03-23 22:00:00,43.25,40.21,49.0,2.812,31.39,0.3276
2026-03-23 23:00:00,40.29,37.16,43.9,2.778,31.16,0.3095
2026-03-24 00:00:00,40.05,32.57,39.73,2.736,31.5,0.2966
2026-03-24 01:00:00,33.33,24.73,37.04,2.804,30.88,0.2498
2026-03-24 02:00:00,30.92,28.89,37.62,2.855,31.93,0.2969
2026-03-24 03:00:00,32.58,26.21,38.44,2.888,30.67,0.2538
2026-03-24 04:00:00,33.86,29.39,39.95,2.795,32.23,0.2837
2026-03-24 05:00:00,39.72,32.85,47.08,2.807,30.15,0.2727
2026-03-24 06:00:00,39.34,31.37,44.24,2.766,31.46,0.3374
2026-03-24 07:00:00,52.54,47.21,59.26,2.837,31.49,0.4391
2026-03-24 08:00:00,52.69,47.74,57.72,2.772,30.72,0.4415
2026-03-24 09:00:00,53.73,46.25,59.52,2.886,31.45,0.4927
2026-03-24 10:00:00,51.49,40.65,58.97,2.697,31.97,0.4544
2026-03-24 11:00:00,49.12,42.24,57.54,2.811,29.87,0.4116
2026-03-24 12:00:00,54.23,48.43,60.44,2.864,31.5,0.4586
2026-03-24 13:00:00,51.59,42.74,56.84,2.855,29.7,0.4214
2026-03-24 14:00:00,50.01,44.34,56.01,3.055,30.62,0.4624
2026-03-24 15:00:00,50.84,44.71,58.21,2.868,32.18,0.4565
2026-03-24 16:00:00,53.99,48.55,57.44,2.76,30.85,0.4327
2026-03-24 17:00:00,59.65,52.7,61.98,2.832,30.5,0.4745
2026-03-24 18:00:00,53.34,45.19,58.59,2.698,31.08,0.4999
2026-03-24 19:00:00,47.0,43.52,50.08,2.834,32.44,0.4355
2026-03-24 20:00:00,45.83,40.04,50.26,2.773,30.1,0.3864
2026-03-24 21:00:00,41.57,36.53,46.25,2.913,30.57,0.3711
2026-03-24 22:00:00,32.4,26.83,35.33,2.796,32.1,0.3234
2026-03-24 23:00:00,37.06,31.82,44.56,2.831,32.31,0.3082
2026-03-25 00:00:00,35.81,29.92,40.79,2.789,31.14,0.2746
2026-03-25 01:00:00,36.36,31.68,41.35,2.979,30.46,0.2859
2026-03-25 02:00:00,37.87,36.41,43.72,2.814,32.46,0.2905
2026-03-25 03:00:00,35.72,28.96,37.62,2.987,32.16,0.2493
2026-03-25 04:00:00,33.22,26.33,39.39,2.905,31.61,0.3021
2026-03-25 05:00:00,34.57,33.07,38.56,2.879,30.71,0.3022
2026-03-25 06:00:00,49.71,43.37,57.08,2.869,31.17,0.3432
2026-03-25 07:00:00,49.14,42.04,52.79,2.872,31.1,0.4304
2026-03-25 08:00:00,53.24,48.72,56.36,2.686,31.4,0.4427
2026-03-25 09:00:00,54.83,47.16,63.13,2.818,32.07,0.4788
2026-03-25 10:00:00,54.53,51.27,61.87,2.908,31.73,0.4502
2026-03-25 11:00:00,52.87,47.75,57.33,2.836,30.55,0.4472
2026-03-25 12:00:00,51.01,44.01,55.3,2.728,32.03,0.4507
2026-03-25 13:00:00,50.24,48.09,58.63,2.836,31.39,0.439
2026-03-25 14:00:00,53.16,45.69,57.04,2.976,31.61,0.4085
2026-03-25 15:00:00,52.78,47.78,62.56,2.94,32.08,0.4336
2026-03-25 16:00:00,53.22,47.37,57.71,2.835,30.53,0.4822
2026-03-25 17:00:00,56.03,51.65,64.09,2.916,31.18,0.4686
2026-03-25 18:00:00,53.49,49.88,59.22,2.811,30.88,0.4455
2026-03-25 19:00:00,54.36,47.89,62.14,2.704,30.26,0.3984
2026-03-25 20:00:00,40.19,34.01,43.87,2.766,31.41,0.366
2026-03-25 21:00:00,44.98,40.41,50.03,2.965,32.71,0.3092
2026-03-25 22:00:00,41.99,35.73,47.12,2.818,30.1,0.3172
2026-03-25 23:00:00,32.35,32.09,34.13,2.821,31.18,0.292
2026-03-26 00:00:00,35.67,31.64,41.51,2.816,31.58,0.2771
2026-03-26 01:00:00,33.93,29.2,36.92,2.992,31.27,0.2798
2026-03-26 02:00:00,30.19,26.9,33.33,2.97,31.13,0.2771
2026-03-26 03:00:00,31.28,25.1,32.95,3.018,30.42,0.3079
2026-03-26 04:00:00,31.33,25.82,29.71,2.827,31.34,0.2434
2026-03-26 05:00:00,41.57,38.74,46.15,2.864,30.75,0.3272
2026-03-26 06:00:00,45.91,39.22,56.49,2.719,29.89,0.3805
2026-03-26 07:00:00,52.18,44.04,60.09,2.958,31.92,0.3948
2026-03-26 08:00:00,55.07,49.43,61.64,2.747,31.78,0.4525
2026-03-26 09:00:00,52.31,48.17,58.04,2.857,31.23,0.4544
2026-03-26 10:00:00,52.93,47.87,59.33,2.752,31.34,0.4597
2026-03-26 11:00:00,54.53,49.78,62.22,2.793,31.84,0.4786
2026-03-26 12:00:00,49.59,42.27,53.06,2.773,31.33,0.4529
2026-03-26 13:00:00,53.4,44.43,62.14,2.791,31.74,0.4434
2026-03-26 14:00:00,52.79,49.16,60.63,2.797,31.02,0.4398
2026-03-26 15:00:00,53.32,46.34,61.22,2.796,31.99,0.4263
2026-03-26 16:00:00,56.77,49.5,64.5,2.907,31.39,0.4594
2026-03-26 17:00:00,56.97,52.53,63.85,2.752,31.32,0.4953
2026-03-26 18:00:00,53.37,47.96,61.18,2.858,30.44,0.4255
2026-03-26 19:00:00,53.66,48.04,61.34,2.937,31.37,0.4045
2026-03-26 20:00:00,44.09,42.7,48.64,2.799,30.7,0.3901
2026-03-26 21:00:00,43.97,37.53,48.04,2.783,30.82,0.3299
2026-03-26 22:00:00,40.56,37.36,45.64,2.822,30.71,0.3033
2026-03-26 23:00:00,36.72,32.41,44.38,2.934,30.56,0.2955
2026-03-27 00:00:00,37.41,33.4,39.3,2.856,32.47,0.2691
2026-03-27 01:00:00,31.95,30.87,32.7,2.798,32.0,0.2617
2026-03-27 02:00:00,35.92,32.52,40.57,2.879,32.35,0.2839
2026-03-27 03:00:00,32.84,29.87,36.89,2.752,30.47,0.2399
2026-03-27 04:00:00,32.87,30.86,37.18,2.895,31.24,0.2416
2026-03-27 05:00:00,40.01,34.55,45.33,2.873,30.42,0.2914
2026-03-27 06:00:00,42.11,35.55,46.69,2.815,30.78,0.3756
2026-03-27 07:00:00,45.89,38.5,54.52,2.773,30.65,0.4065
2026-03-27 08:00:00,49.74,40.23,52.34,2.769,31.94,0.4391
2026-03-27 09:00:00,56.61,53.52,61.66,2.883,30.96,0.4645
2026-03-27 10:00:00,51.25,43.11,57.18,2.938,31.84,0.4211
2026-03-27 11:00:00,57.7,50.38,61.17,2.789,31.56,0.4583
2026-03-27 12:00:00,47.66,41.44,53.01,2.877,32.58,0.4485
2026-03-27 13:00:00,55.89,49.74,66.09,2.673,30.31,0.425
2026-03-27 14:00:00,54.01,49.0,60.54,2.793,31.96,0.4685
2026-03-27 15:00:00,54.12,49.17,61.1,2.838,31.89,0.4335
2026-03-27 16:00:00,53.89,46.37,57.71,2.767,30.62,0.4862
2026-03-27 17:00:00,57.0,49.86,62.54,2.765,31.8,0.4743
2026-03-27 18:00:00,54.28,48.27,60.0,2.787,31.4,0.4493
2026-03-27 19:00:00,53.66,46.77,59.43,2.863,31.06,0.4252
2026-03-27 20:00:00,47.09,44.33,55.43,2.825,30.71,0.3855
2026-03-27 21:00:00,42.98,38.71,49.31,2.661,30.77,0.374
2026-03-27 22:00:00,38.4,35.11,40.67,2.67,32.43,0.2977
2026-03-27 23:00:00,37.46,34.16,42.47,2.791,31.2,0.2887
2026-03-28 00:00:00,37.5,35.11,43.04,2.877,31.67,0.3171
